SubscriptionID,BillingTermID,PaymentID,Amount
2,-1,2,10.00
2,1,6,10.00
3,-1,7,20.00
3,2,11,20.00
5,-1,13,20.00
5,4,17,20.00
6,-1,18,20.00
7,-1,19,20.00
8,-1,20,20.00
9,-1,21,20.00
8,7,25,20.00
10,-1,26,20.00
11,-1,27,20.00
11,10,31,20.00
13,-1,32,21.00
13,12,36,21.00
14,-1,37,20.00
19,-1,57,17.00
20,-1,58,17.00
22,-1,59,20.00
22,17,63,20.00
23,-1,70,17.00
24,-1,86,30.00
24,18,90,30.00
25,-1,91,30.00
26,-1,92,30.00
27,-1,93,30.00
28,-1,112,30.00
29,-1,148,20.00
30,-1,149,23.00
31,-1,150,23.00
14,20,154,20.00
19,26,158,17.00
20,21,162,17.00
23,22,166,17.00
25,23,170,30.00
27,24,174,30.00
28,25,178,30.00
29,27,182,20.00
30,28,186,23.00
31,29,190,23.00
3,-1,191,11.00
5,-1,192,11.00
11,-1,193,11.00
8,-1,194,11.00
11,-1,195,11.00
22,-1,196,11.00
3,31,200,11.00
5,32,204,11.00
11,35,208,11.00
22,40,212,11.00
32,-1,213,40.00
32,41,217,40.00
34,-1,218,20.00
34,43,222,20.00
35,-1,223,23.00
35,44,227,23.00
36,-1,234,17.00
36,45,238,17.00
72,-1,239,20.00
72,73,243,20.00
84,-1,244,11.00
84,78,248,11.00
85,-1,249,21.00
86,-1,250,21.00
85,84,254,21.00
86,85,258,21.00
87,-1,259,27.00
87,86,263,27.00
88,-1,264,30.00
89,-1,265,30.00
90,-1,266,30.00
88,89,270,30.00
89,88,274,30.00
90,87,278,30.00
93,-1,279,380.20
93,92,283,42.00
93,92,287,50.20
93,92,291,288.00
95,-1,292,772.00
95,94,296,100.00
95,94,300,672.00
99,-1,307,12.00
85,-1,308,21.00
98,-1,309,80.00
86,-1,310,21.00
93,-1,311,80.20
85,99,315,21.00
86,102,319,21.00
93,100,323,60.00
93,100,327,20.20
98,97,331,80.00
99,98,335,12.00
102,-1,336,100.20
102,104,340,100.20
103,-1,341,100.20
103,105,345,100.20
119,-1,346,120.00
119,119,350,120.00
123,-1,351,17.00
114,-1,352,21.00
113,-1,353,80.20
115,-1,354,21.00
112,-1,355,80.20
112,127,359,80.20
113,125,363,80.20
114,124,367,21.00
115,128,371,21.00
115,-1,372,21.00
114,-1,373,21.00
26,129,377,30.00
114,131,381,21.00
115,130,385,21.00
144,-1,441,45.00
144,159,445,45.00
155,-1,464,40.00
155,176,468,40.00
146,163,469,130.00
23,-1,470,10.00
23,201,474,10.00
166,-1,475,17.00
166,213,479,17.00
172,-1,480,11.20
172,215,484,11.20
175,-1,485,10.00
175,218,489,10.00
182,-1,502,17.00
182,225,506,17.00
185,-1,507,30.00
185,228,511,30.00
185,-1,512,20.00
185,229,516,20.00
186,-1,517,20.00
187,-1,518,16.00
186,230,522,20.00
188,-1,523,100.20
188,231,527,100.20
189,-1,528,28.00
190,-1,529,16.00
189,232,533,28.00
190,233,537,16.00
198,-1,551,30.00
200,-1,552,28.00
198,236,556,30.00
200,238,560,28.00
232,-1,561,17.00
232,240,565,17.00
235,-1,566,28.00
234,-1,567,28.00
236,-1,568,20.00
198,-1,569,20.00
237,-1,570,80.20
233,-1,571,11.00
198,242,575,20.00
233,246,579,11.00
234,245,583,28.00
235,244,587,28.00
236,243,591,20.00
237,241,595,80.20
262,-1,596,30.00
262,256,600,30.00
289,-1,601,17.00
289,260,605,17.00
955,-1,612,30.00
955,303,616,30.00
1168,-1,617,110.00
1169,-1,618,110.00
1234,-1,619,17.00
236,-1,620,20.00
1573,-1,621,20.00
236,370,627,20.00
1168,321,631,110.00
1169,322,635,110.00
1234,345,639,17.00
1573,680,643,20.00
1708,-1,644,19.70
1707,-1,645,19.70
1707,820,649,19.70
1708,819,653,19.70
1710,-1,654,19.70
1709,-1,655,19.70
1712,-1,656,19.70
1711,-1,657,19.70
1714,-1,658,19.70
1713,-1,659,19.70
1717,-1,660,19.70
1716,-1,661,19.70
1715,-1,662,19.70
1719,-1,663,19.70
1718,-1,664,19.70
1709,821,668,19.70
1710,822,672,19.70
1711,824,676,19.70
1712,823,680,19.70
1713,826,684,19.70
1714,825,688,19.70
1715,831,692,19.70
1716,830,696,19.70
1717,827,700,19.70
1718,829,704,19.70
1719,828,708,19.70
1723,-1,709,33.00
1722,-1,710,33.00
1724,-1,711,33.00
1720,-1,712,33.00
1725,-1,713,33.00
1721,-1,714,33.00
1720,835,718,33.00
1721,837,722,33.00
1722,836,726,33.00
1723,832,730,33.00
1724,834,734,33.00
1725,833,738,33.00
1726,-1,739,12.00
1727,-1,740,12.00
1726,838,744,12.00
1727,839,748,12.00
1729,-1,750,12.00
1728,-1,751,12.00
1728,840,755,12.00
1729,841,759,12.00
1726,-1,760,12.00
1726,838,764,12.00
1730,-1,766,12.00
1731,-1,767,12.00
1734,-1,768,12.00
1730,842,772,12.00
1731,843,776,12.00
1734,844,780,12.00
1730,-1,781,12.00
1573,-1,782,20.00
1734,-1,783,12.00
1739,-1,784,12.00
1735,-1,785,12.00
1731,-1,786,12.00
1573,850,790,20.00
1730,853,794,12.00
1731,852,798,12.00
1734,847,802,12.00
1735,848,806,12.00
1739,851,810,12.00
1731,-1,811,12.00
1730,-1,812,12.00
1732,-1,813,12.00
1741,-1,814,12.00
1733,-1,815,12.00
1734,-1,816,12.00
1730,855,820,12.00
1731,859,824,12.00
1732,860,828,12.00
1733,858,832,12.00
1734,856,836,12.00
1741,857,840,12.00
1743,-1,842,12.00
1742,-1,843,12.00
1744,-1,844,20.00
1745,-1,845,12.00
1746,-1,846,12.00
1748,-1,847,12.00
1747,-1,848,12.00
1742,862,852,12.00
1743,861,856,12.00
1744,863,860,20.00
1745,864,864,12.00
1746,865,868,12.00
1747,867,872,12.00
1748,866,876,12.00
1759,-1,877,17.00
1760,-1,878,30.00
1761,-1,879,12.00
1770,-1,880,12.00
1759,888,884,17.00
1760,878,888,30.00
1761,887,892,12.00
1770,889,896,12.00
1783,-1,897,33.00
1784,-1,898,33.00
1783,944,902,33.00
1784,950,906,33.00
1864,-1,907,17.00
1865,-1,908,17.00
1864,983,912,17.00
1866,-1,913,17.00
1865,984,917,17.00
1866,985,921,17.00
1872,-1,922,40.00
1871,-1,923,40.00
1879,-1,924,40.00
1878,-1,925,40.00
1871,991,929,40.00
1872,990,933,40.00
1878,998,937,40.00
1879,997,941,40.00
1881,-1,943,40.00
1880,-1,944,40.00
1883,-1,945,40.00
1882,-1,946,40.00
1880,1001,950,40.00
1881,999,954,40.00
1882,1000,958,40.00
1883,1002,962,40.00
1886,-1,963,12.00
1885,-1,964,12.00
1884,-1,965,12.00
1884,1003,969,12.00
1885,1004,973,12.00
1886,1005,977,12.00
1891,-1,978,12.00
1889,-1,979,12.00
1890,-1,980,12.00
1888,-1,981,12.00
1887,-1,982,12.00
1887,1007,997,12.00
1888,1006,1001,12.00
1889,1010,1005,12.00
1890,1008,1009,12.00
1891,1009,1013,12.00
1892,-1,1020,12.00
1897,-1,1021,12.00
1894,-1,1022,12.00
1893,-1,1023,12.00
1892,1011,1027,12.00
1893,1016,1031,12.00
1894,1013,1035,12.00
1897,1012,1039,12.00
1895,-1,1040,12.00
1895,1014,1044,12.00
1908,-1,1045,12.00
1911,-1,1046,12.00
1909,-1,1047,12.00
1910,-1,1048,12.00
1908,1028,1052,12.00
1909,1029,1056,12.00
1910,1027,1060,12.00
1911,1030,1064,12.00
1912,-1,1065,12.00
1912,1031,1069,12.00
1913,-1,1070,30.00
1914,-1,1071,30.00
1913,1032,1075,30.00
1914,1033,1079,30.00
1940,-1,1082,17.00
1941,-1,1083,17.00
1940,1060,1087,17.00
1941,1059,1091,17.00
1942,-1,1093,20.00
1943,-1,1092,80.00
1913,-1,1094,20.00
1913,1062,1098,20.00
1942,1061,1102,20.00
1943,1063,1106,80.00
1944,-1,1107,20.00
1944,1064,1111,20.00
1960,-1,1112,40.00
1960,1080,1116,40.00
1944,-1,1117,20.00
1975,-1,1118,11.00
1944,1092,1122,20.00
1975,1094,1126,11.00
1980,-1,1133,12.00
1982,-1,1134,12.00
1984,-1,1135,12.00
1981,-1,1136,12.00
1983,-1,1137,12.00
1980,1103,1141,12.00
1981,1105,1145,12.00
1982,1102,1149,12.00
1983,1104,1153,12.00
1984,1106,1157,12.00
1988,-1,1158,12.00
1989,-1,1159,12.00
1987,-1,1160,12.00
1985,-1,1161,12.00
1986,-1,1162,12.00
1985,1107,1166,12.00
1986,1110,1170,12.00
1987,1111,1174,12.00
1988,1108,1178,12.00
1989,1109,1182,12.00
1992,-1,1183,10.80
1991,-1,1184,10.80
1990,-1,1185,10.80
1990,1112,1189,10.80
1991,1114,1193,10.80
1992,1113,1197,10.80
2004,-1,1199,12.00
2001,-1,1198,12.00
2000,-1,1200,12.00
1994,-1,1201,12.00
2003,-1,1202,10.80
1997,-1,1203,12.00
1999,-1,1204,12.00
1993,-1,1205,12.00
1996,-1,1206,12.00
2002,-1,1207,12.00
1993,1127,1211,12.00
1994,1128,1215,12.00
1996,1132,1219,12.00
1997,1125,1223,12.00
1999,1130,1227,12.00
2000,1126,1231,12.00
2001,1124,1235,12.00
2002,1131,1239,12.00
2003,1123,1243,10.80
2004,1121,1247,12.00
1995,-1,1248,10.80
1998,-1,1249,10.80
2005,-1,1250,12.00
1995,1122,1254,10.80
1998,1133,1258,10.80
2005,1129,1262,12.00
2013,-1,1263,595.00
2013,1143,1267,595.00
2013,-1,1268,105.00
2013,1144,1272,105.00
2015,-1,1273,595.00
2015,1148,1277,595.00
2015,-1,1278,910.00
2015,1149,1282,910.00
2016,-1,1283,525.00
2016,1151,1287,525.00
2017,-1,1288,490.00
2017,1154,1292,490.00
2018,-1,1293,15.00
2018,1157,1297,15.00
2019,-1,1298,15.00
2019,1158,1302,15.00
2020,-1,1303,15.00
2020,1161,1307,15.00
2021,-1,1308,15.00
2021,1163,1312,15.00
2020,-1,1313,10.00
2020,1162,1317,10.00
2022,-1,1318,15.00
2024,-1,1319,15.00
2023,-1,1320,10.00
2024,1165,1324,15.00
2023,1166,1328,10.00
2024,-1,1329,10.00
2025,-1,1330,10.00
2025,1168,1334,10.00
2026,-1,1335,15.00
2026,1169,1339,15.00
2026,-1,1340,10.00
2026,1170,1344,10.00
2027,-1,1345,15.00
2027,1171,1349,15.00
2028,-1,1350,15.00
2028,1172,1354,15.00
2028,-1,1355,10.00
2028,1173,1359,10.00
2029,-1,1360,15.00
2029,1174,1364,15.00
2029,-1,1365,10.00
2029,1175,1369,10.00
2028,-1,1370,10.00
2028,1177,1374,10.00
2030,-1,1375,15.00
2030,1178,1379,15.00
2030,-1,1380,10.00
2030,1179,1384,10.00
2031,-1,1385,15.00
2031,1180,1389,15.00
2031,-1,1390,10.00
2031,1181,1394,10.00
2032,-1,1395,15.00
2032,1182,1399,15.00
2032,-1,1400,10.00
2032,1183,1404,10.00
2033,-1,1405,10.00
2033,1184,1409,10.00
2034,-1,1410,15.00
2034,1185,1414,15.00
2034,-1,1415,10.00
2034,1186,1419,10.00
2035,-1,1420,15.00
2035,1187,1424,15.00
2035,-1,1425,10.00
2035,1188,1429,10.00
2036,-1,1430,15.00
2036,1189,1434,15.00
2037,-1,1435,15.00
2037,1190,1439,15.00
2037,-1,1440,10.00
2037,1191,1444,10.00
2036,-1,1445,10.00
2038,-1,1446,15.00
2038,1193,1450,15.00
2036,1192,1454,10.00
2039,-1,1455,15.00
2039,1195,1459,15.00
2039,-1,1460,10.00
2039,1196,1464,10.00
2039,-1,1465,10.00
2039,1198,1469,10.00
2040,-1,1470,15.00
2041,-1,1471,15.00
2041,1200,1475,15.00
2041,-1,1476,10.00
2041,1201,1480,10.00
2040,1199,1484,15.00
2042,-1,1485,15.00
2042,1209,1489,15.00
2042,-1,1490,7.50
2042,1210,1494,7.50
2043,-1,1495,15.00
2043,1211,1499,15.00
2043,-1,1500,10.00
2043,1212,1504,10.00
2044,-1,1505,15.00
2044,1213,1509,15.00
2045,-1,1510,15.00
2045,1215,1514,15.00
2045,-1,1515,10.00
2045,1216,1519,10.00
166,-1,1520,10.00
166,1217,1524,10.00
2047,-1,1525,10.00
2047,1218,1529,10.00
2055,-1,1539,20.00
2055,1219,1543,20.00
2062,-1,1544,20.00
2062,1223,1548,20.00
2063,-1,1549,16.00
2063,1224,1553,16.00
2065,-1,1554,20.00
2066,-1,1555,20.00
2067,-1,1556,20.00
2068,-1,1557,20.00
2069,-1,1558,20.00
2070,-1,1559,20.00
2068,1226,1563,20.00
2069,1227,1567,20.00
2070,1228,1571,20.00
2065,1232,1575,20.00
2066,1233,1579,20.00
2067,1234,1583,20.00
2074,-1,1584,20.00
2075,-1,1585,16.00
2075,1235,1589,16.00
2076,-1,1590,16.00
2078,-1,1591,20.00
2078,1237,1595,20.00
2079,-1,1596,30.00
2080,-1,1597,30.00
2081,-1,1598,30.00
2082,-1,1599,30.00
2083,-1,1600,15.00
2083,1238,1604,15.00
2084,-1,1605,14.00
2084,1239,1609,14.00
2085,-1,1610,30.00
2087,-1,1611,20.00
2087,1241,1615,20.00
2084,1239,1616,12.00
2088,-1,1617,14.00
2088,1242,1621,14.00
2089,-1,1634,14.00
2089,1243,1638,14.00
2091,-1,1639,30.00
2092,-1,1640,30.00
2093,-1,1641,30.00
2092,1245,1645,30.00
2093,1246,1649,30.00
2094,-1,1650,30.00
2089,1243,1651,12.00
2096,-1,1652,12.00
2096,1247,1656,12.00
2096,-1,1657,12.00
2096,1264,1661,12.00
2162,-1,1662,20.00
2162,1265,1666,20.00
2163,-1,1667,15.00
2163,1266,1671,15.00
2165,-1,1672,15.00
2165,1270,1676,15.00
2166,-1,1677,15.00
2167,-1,1678,15.00
1865,-1,1679,10.00
2171,-1,1680,15.00
2171,1277,1684,15.00
2172,-1,1685,15.00
2173,-1,1686,15.00
2174,-1,1687,15.00
2174,1280,1691,15.00
2174,-1,1692,10.00
2174,1281,1696,10.00
2176,-1,1697,15.00
2176,1282,1701,15.00
2177,-1,1702,15.00
2177,1283,1706,15.00
2182,-1,1707,15.00
2182,1287,1711,15.00
2183,-1,1712,15.00
2183,1289,1716,10.00
2184,-1,1717,15.00
2184,1290,1721,15.00
1865,1273,1725,10.00
2172,1278,1729,15.00
2173,1279,1733,15.00
2603,-1,1734,15.00
2603,1292,1738,15.00
2603,-1,1739,10.00
2603,1293,1743,10.00
2606,-1,1744,15.00
2606,1297,1748,15.00
2606,-1,1749,10.00
2606,1298,1753,10.00
2607,-1,1754,15.00
2607,1299,1758,15.00
2607,-1,1759,10.00
2607,1300,1763,10.00
2608,-1,1764,155.00
2610,-1,1765,15.00
2610,1302,1769,15.00
2608,1301,1773,155.00
2610,-1,1774,10.00
2611,-1,1775,15.00
2611,1304,1779,15.00
2611,-1,1780,10.00
2611,1305,1784,10.00
2610,1303,1788,10.00
2612,-1,1789,15.00
2613,-1,1790,15.00
2613,1310,1794,15.00
2613,-1,1795,10.00
2613,1311,1799,10.00
2615,-1,1800,15.00
2615,1314,1804,15.00
2616,-1,1805,15.00
2616,1318,1809,15.00
2617,-1,1810,15.00
2617,1320,1814,15.00
2618,-1,1815,15.00
2618,1324,1819,15.00
2619,-1,1820,15.00
2619,1327,1824,15.00
2620,-1,1825,15.00
2620,1329,1829,15.00
2623,-1,1830,15.00
2623,1336,1834,15.00
2623,-1,1835,7.74
2623,1337,1839,7.74
2624,-1,1840,15.00
2624,1339,1844,15.00
2628,-1,1845,15.00
2628,1350,1849,15.00
2629,-1,1850,15.00
2629,1351,1854,15.00
2631,-1,1855,15.00
2631,1352,1859,15.00
2633,-1,1860,145.20
2633,1356,1864,17.00
2633,1356,1868,50.20
2633,1356,1872,6.00
2633,1356,1876,72.00
2636,-1,1877,31.00
2636,1370,1881,31.00
2636,-1,1882,31.00
2636,1371,1886,31.00
2636,-1,1887,31.00
2636,1372,1891,31.00
2636,-1,1892,6.00
2636,1373,1896,6.00
2637,-1,1897,31.00
2637,1378,1901,31.00
2637,-1,1902,31.00
2637,1379,1906,31.00
2637,-1,1907,31.00
2637,1380,1911,31.00
2638,-1,1912,50.00
2638,1383,1916,50.00
2639,-1,1917,31.00
2639,1390,1921,31.00
2639,-1,1922,31.00
2639,1391,1926,31.00
2639,-1,1927,31.00
2639,1392,1931,31.00
2639,-1,1932,31.00
2639,1393,1936,31.00
2640,-1,1937,31.00
2641,-1,1938,31.00
2641,1395,1942,31.00
2641,-1,1943,31.00
2641,1396,1947,31.00
2641,-1,1948,31.00
2641,1397,1952,31.00
2640,1394,1956,31.00
2642,-1,1957,62.00
2642,1399,1961,62.00
2642,-1,1962,62.00
2642,1400,1966,62.00
2642,-1,1967,62.00
2642,1401,1971,62.00
2642,-1,1972,62.00
2642,1403,1976,62.00
2643,-1,1977,62.00
2643,1404,1981,62.00
2643,-1,1982,62.00
2643,1405,1986,62.00
2643,-1,1987,62.00
2643,1406,1991,62.00
2643,-1,1992,12.00
2643,1407,1996,12.00
2644,-1,1997,62.00
2644,1408,2001,62.00
2645,-1,2002,62.00
2645,1410,2006,62.00
2645,-1,2007,62.00
2645,1411,2011,62.00
2645,-1,2012,62.00
2645,1412,2016,62.00
2646,-1,2017,31.00
2646,1415,2021,31.00
2648,-1,2022,31.00
2648,1416,2026,31.00
2050,-1,2027,10.00
2056,-1,2030,10.00
2054,-1,2028,11.20
2061,-1,2029,12.00
2057,-1,2031,10.00
2077,-1,2032,16.00
2074,-1,2033,19989.00
2120,-1,2034,100.00
2160,-1,2035,100.00
2178,-1,2036,11.00
2175,-1,2037,14.00
2182,-1,2038,10.00
2367,-1,2039,23.00
2370,-1,2040,23.00
2373,-1,2041,23.00
2372,-1,2042,23.00
2424,-1,2043,23.00
2453,-1,2044,23.00
2489,-1,2045,23.00
2560,-1,2046,30.00
2559,-1,2047,30.00
2584,-1,2048,30.00
2563,-1,2049,30.00
2576,-1,2050,30.00
2568,-1,2051,23.00
2594,-1,2052,23.00
2591,-1,2053,23.00
2561,-1,2054,30.00
2632,-1,2055,96.00
2601,-1,2056,23.00
2572,-1,2057,30.00
2627,-1,2058,119.00
2582,-1,2059,30.00
2050,1425,2063,10.00
2054,1430,2067,11.20
2056,1431,2071,10.00
2057,1433,2075,10.00
2061,1432,2079,12.00
2074,1434,2083,20009.00
2077,1435,2087,16.00
2079,1436,2091,30.00
2080,1437,2095,30.00
2081,1438,2099,30.00
2082,1439,2103,30.00
2085,1440,2107,30.00
2091,1441,2111,30.00
2094,1442,2115,30.00
2120,1462,2119,100.00
2160,1491,2123,100.00
2175,1509,2127,14.00
2178,1510,2131,11.00
2182,1511,2135,10.00
2367,1673,2139,23.00
2370,1665,2143,23.00
2372,1705,2147,23.00
2373,1694,2151,23.00
2424,1757,2155,23.00
2083,-1,2156,15.00
2093,-1,2157,20.00
2092,-1,2158,20.00
2616,-1,2159,10.00
2608,-1,2160,120.00
2618,-1,2161,10.00
2617,-1,2162,10.00
2619,-1,2163,8.06
2083,1930,2167,15.00
2092,1932,2171,20.00
2093,1931,2175,20.00
2453,1778,2179,23.00
2489,1807,2183,23.00
2559,1877,2187,30.00
2560,1888,2191,30.00
2561,1895,2195,30.00
2563,1873,2199,30.00
2568,1905,2203,23.00
2572,1899,2207,30.00
2576,1907,2211,30.00
2582,1916,2215,30.00
2653,-1,2218,16.00
2652,-1,2220,164.20
2584,1910,2221,30.00
2591,1922,2225,23.00
2594,1923,2229,23.00
2601,1896,2233,23.00
2608,1937,2237,120.00
2616,1319,2241,10.00
2617,1321,2245,10.00
2618,1325,2249,10.00
2619,1328,2253,8.06
2627,1928,2257,101.00
2627,1928,2261,18.00
2632,1929,2265,30.00
2632,1929,2269,36.00
2632,1929,2273,30.00
2065,1232,2274,20.00
2066,1233,2275,20.00
2068,1226,2276,20.00
2070,1228,2277,20.00
2073,1231,2278,20.00
2071,1229,2279,20.00
2652,1939,2283,12.00
2652,1939,2287,50.20
2652,1939,2291,18.00
2652,1939,2295,84.00
2653,1940,2299,16.00
2178,-1,2300,11.00
2061,-1,2301,12.00
2061,1941,2305,12.00
2178,1943,2309,11.00
2658,-1,2310,30.00
2061,-1,2311,12.00
2657,-1,2312,30.00
2061,1952,2316,12.00
2657,1956,2320,30.00
2658,1954,2324,30.00
2061,-1,2325,12.00
2061,1967,2329,12.00
2061,-1,2332,12.00
2061,1973,2336,12.00
2175,-1,2337,14.00
2175,1980,2341,14.00
2035,-1,2343,10.00
2639,-1,2342,31.00
2043,-1,2344,10.00
2641,-1,2345,31.00
2637,-1,2346,31.00
2645,-1,2347,62.00
2041,-1,2348,10.00
2045,-1,2349,10.00
2643,-1,2350,62.00
2647,-1,2351,31.00
2037,-1,2352,10.00
2183,-1,2353,5.00
2649,-1,2354,31.00
2636,-1,2356,31.00
2036,-1,2355,10.00
2642,-1,2357,62.00
2031,-1,2358,10.00
2042,-1,2359,10.00
2174,-1,2360,10.00
2034,-1,2361,10.00
2031,2012,2365,10.00
2034,2018,2369,10.00
2035,1988,2373,10.00
2036,2016,2377,10.00
2037,2011,2381,10.00
2041,2001,2385,10.00
2042,2020,2389,10.00
2043,1985,2393,10.00
2045,2003,2397,10.00
2174,2022,2401,10.00
2183,1982,2405,10.00
2636,2014,2409,31.00
2637,1994,2413,31.00
2639,1986,2417,31.00
2641,1990,2421,31.00
2642,2019,2425,62.00
2643,2005,2429,62.00
2645,1997,2433,62.00
2647,2007,2437,31.00
2649,2008,2441,31.00
2020,-1,2442,10.00
2018,-1,2443,10.00
2175,-1,2444,14.00
2021,-1,2445,10.00
2021,2478,2449,10.00
2020,2479,2453,10.00
2175,2480,2457,14.00
2018,2481,2461,10.00
2029,-1,2462,10.00
2026,-1,2463,10.00
2025,-1,2464,10.00
2023,-1,2465,10.00
2025,2770,2469,10.00
2029,2773,2473,10.00
2040,-1,2474,10.00
2033,-1,2475,10.00
2040,2898,2479,10.00
2673,-1,2480,63.00
2673,2936,2484,63.00
2678,-1,2485,69.84
2678,2940,2489,45.36
2678,2940,2493,24.48
2047,-1,2494,10.00
2047,3019,2498,10.00
2695,-1,2499,58.56
2695,3458,2503,2.36
2695,3458,2507,50.20
2695,3458,2511,6.00
2696,-1,2512,58.56
2696,3460,2516,2.36
2696,3460,2520,50.20
2696,3460,2524,6.00
2698,-1,2525,22.00
2698,3482,2529,22.00
2699,-1,2530,125.00
2699,3559,2534,25.00
2699,3559,2538,100.00
2702,-1,2539,117.00
2702,3660,2543,17.00
2702,3660,2547,100.00
2703,-1,2548,125.00
2703,3662,2552,17.00
2703,3662,2556,100.00
2703,3662,2560,8.00
2704,-1,2561,119.60
2704,3664,2565,17.00
2704,3664,2569,95.00
2704,3664,2573,7.60
2163,-1,2574,10.00
2163,3958,2578,10.00
2182,-1,2579,10.00
2173,-1,2580,10.00
2172,-1,2581,10.00
2172,4370,2585,10.00
2173,4365,2589,10.00
2182,4360,2593,10.00
2750,-1,2594,354.38
2750,4401,2598,180.98
2750,4401,2602,83.40
2750,4401,2606,90.00
2752,-1,2607,104.75
2752,4423,2611,37.50
2752,4423,2615,36.75
2752,4423,2619,30.50
2666,-1,2620,101.88
2671,-1,2621,113.20
2672,-1,2622,113.20
2667,-1,2623,101.88
2677,-1,2624,113.20
2669,-1,2625,113.20
2693,-1,2626,53.26
2690,-1,2627,53.26
2694,-1,2628,53.26
2692,-1,2629,53.26
2691,-1,2630,53.26
2705,-1,2631,112.00
2675,-1,2632,87.30
2738,-1,2633,22.70
2666,4526,2637,56.70
2666,4526,2641,45.18
2667,4529,2645,56.70
2667,4529,2649,45.18
2669,4533,2653,63.00
2669,4533,2657,50.20
2671,4525,2661,63.00
2671,4525,2665,50.20
2672,4528,2669,63.00
2672,4528,2673,50.20
2675,4552,2677,56.70
2675,4552,2681,30.60
2677,4530,2685,63.00
2677,4530,2689,50.20
2690,4544,2693,2.68
2690,4544,2697,45.18
2690,4544,2701,5.40
2691,4549,2705,2.68
2691,4549,2709,45.18
2691,4549,2713,5.40
2692,4545,2717,2.68
2692,4545,2721,45.18
2692,4545,2725,5.40
2693,4541,2729,2.68
2693,4541,2733,45.18
2693,4541,2737,5.40
2694,4542,2741,2.68
2694,4542,2745,45.18
2694,4542,2749,5.40
2705,4551,2753,17.00
2705,4551,2757,95.00
2738,4565,2761,17.00
2738,4565,2765,5.70
2759,-1,2766,10.00
2758,-1,2767,15.00
2760,-1,2768,59.25
2175,-1,2769,14.00
2750,-1,2770,489.54
2175,4574,2774,14.00
2750,4577,2778,386.04
2750,4577,2782,103.50
2758,4571,2786,15.00
2759,4570,2790,10.00
2760,4568,2794,22.50
2760,4568,2798,36.75
2668,-1,2799,101.88
2674,-1,2800,113.20
2670,-1,2801,113.20
2676,-1,2802,97.00
2668,4523,2806,56.70
2668,4523,2810,45.18
2670,4531,2814,63.00
2670,4531,2818,50.20
2674,4527,2822,63.00
2674,4527,2826,50.20
2676,4534,2830,63.00
2676,4534,2834,34.00
2776,-1,2835,10.00
2776,4592,2839,10.00
2778,-1,2840,10.00
2778,4597,2844,10.00
2779,-1,2845,10.00
2779,4601,2849,10.00
2780,-1,2850,10.00
2780,4604,2854,10.00
2781,-1,2855,10.00
2781,4607,2859,10.00
2782,-1,2860,10.00
2782,4610,2864,10.00
2783,-1,2865,10.00
2783,4613,2869,10.00
2784,-1,2870,10.00
2784,4616,2874,10.00
2785,-1,2875,146.55
2785,4620,2879,18.00
2785,4620,2883,38.88
2785,4620,2887,89.67
2640,-1,2888,31.00
2785,-1,2889,8.00
2786,-1,2890,10.00
2644,-1,2891,62.00
2750,-1,2892,470.24
2640,4672,2896,31.00
2644,4674,2900,62.00
2750,4671,2904,366.74
2750,4671,2908,103.50
2785,4670,2912,8.00
2786,4673,2916,10.00
2785,-1,2918,8.00
2787,-1,2917,10.00
2785,4775,2922,8.00
2787,4779,2926,10.00
2785,-1,2927,8.00
2788,-1,2928,10.00
2785,4882,2932,8.00
2788,4881,2936,10.00
2789,-1,2937,29.00
2790,-1,2938,29.00
2791,-1,2939,29.00
2789,4901,2943,29.00
2790,4902,2947,29.00
2791,4903,2951,29.00
2792,-1,2952,288.95
2792,4906,2956,156.23
2792,4906,2960,42.72
2792,4906,2964,90.00
2802,-1,2965,35.00
2802,4930,2969,35.00
2802,-1,2975,15.00
2806,-1,2977,8.00
2805,-1,2976,20.00
2804,-1,2978,146.23
2807,-1,2979,10.00
2790,-1,2980,20.00
2790,4993,2984,20.00
2802,4990,2988,15.00
2804,4994,2992,146.23
2805,4992,2996,20.00
2806,4991,3000,8.00
2807,4995,3004,10.00
2806,-1,3005,8.00
2802,-1,3006,15.00
2808,-1,3007,10.00
2810,-1,3008,146.23
2809,-1,3009,20.00
2802,5095,3013,15.00
2806,5093,3017,8.00
2808,5097,3021,10.00
2809,5094,3025,20.00
2810,5096,3029,146.23
2812,-1,3030,30.00
2813,-1,3031,30.00
2812,5132,3035,30.00
2813,5134,3039,30.00
2814,-1,3040,40.00
2814,5139,3044,40.00
2639,-1,3045,31.00
2815,-1,3046,10.00
2636,-1,3047,31.00
2809,-1,3048,20.00
2817,-1,3049,15.00
2641,-1,3050,31.00
2643,-1,3051,62.00
2183,-1,3052,10.00
2806,-1,3053,8.00
2812,-1,3054,20.00
2816,-1,3055,146.23
2642,-1,3056,62.00
2637,-1,3057,31.00
2813,-1,3058,20.00
2645,-1,3059,62.00
2183,5192,3063,10.00
2636,5204,3067,31.00
2637,5227,3071,31.00
2639,5202,3075,31.00
2641,5210,3079,31.00
2642,5226,3083,62.00
2643,5207,3087,62.00
2645,5216,3091,62.00
2806,5214,3095,8.00
2809,5208,3099,20.00
2812,5221,3103,20.00
2813,5231,3107,20.00
2815,5205,3111,10.00
2816,5224,3115,146.23
2817,5209,3119,15.00
2818,-1,3120,49.00
2818,5253,3124,4.00
2818,5253,3128,15.00
2819,-1,3129,218.40
2819,5257,3133,16.80
2819,5257,3137,33.60
2819,5257,3141,112.00
2820,-1,3142,30.00
2820,5265,3146,30.00
2821,-1,3147,11.20
2823,-1,3148,223.36
2821,5276,3152,11.20
2823,5277,3156,91.36
2823,5277,3160,120.00
2823,5277,3164,12.00
2824,-1,3165,11.20
2824,5285,3169,11.20
2825,-1,3170,40.00
2826,-1,3171,40.00
2827,-1,3172,40.00
2828,-1,3173,40.00
2829,-1,3174,40.00
2830,-1,3175,40.00
2831,-1,3176,30.00
2831,5287,3180,30.00
2825,5289,3184,40.00
2827,5290,3188,40.00
2828,5292,3192,40.00
2829,5291,3196,40.00
2830,5293,3200,40.00
2806,-1,3203,8.00
2836,-1,3201,20.00
2839,-1,3204,20.00
2820,-1,3202,20.00
2840,-1,3205,201.36
2838,-1,3206,330.00
2817,-1,3207,15.00
2833,-1,3208,155.60
2831,-1,3209,20.00
2806,5350,3213,8.00
2817,5356,3217,15.00
2820,5349,3221,20.00
2826,5353,3225,40.00
2831,5351,3229,20.00
2833,5358,3233,155.60
2836,5343,3237,20.00
2838,5354,3241,330.00
2839,5346,3245,20.00
2840,5345,3249,81.36
2840,5345,3253,120.00
2841,-1,3254,192.50
2841,5376,3258,66.61
2841,5376,3262,125.89
2842,-1,3263,218.40
2842,5382,3267,33.60
2842,5382,3271,112.00
2847,-1,3273,285.50
2839,-1,3275,20.00
2849,-1,3272,30.00
2846,-1,3274,20.00
2836,-1,3276,20.00
2844,-1,3277,20.00
2848,-1,3278,155.60
2850,-1,3279,201.36
2817,-1,3280,15.00
2845,-1,3281,330.00
2817,5465,3285,15.00
2836,5464,3289,20.00
2839,5460,3293,20.00
2844,5467,3297,20.00
2845,5461,3301,330.00
2846,5459,3305,20.00
2847,5462,3309,56.61
2847,5462,3313,133.50
2847,5462,3317,95.39
2848,5469,3321,155.60
2849,5458,3325,30.00
2850,5466,3329,81.36
2850,5466,3333,120.00
2846,-1,3335,20.00
2856,-1,3337,285.50
2844,-1,3336,20.00
2852,-1,3334,201.36
2855,-1,3338,155.60
2851,-1,3339,30.00
2854,-1,3340,330.00
2844,5568,3344,20.00
2846,5572,3348,20.00
2851,5573,3352,30.00
2852,5569,3356,81.36
2852,5569,3360,120.00
2854,5570,3364,330.00
2855,5567,3368,155.60
2856,5571,3372,56.61
2856,5571,3376,133.50
2856,5571,3380,95.39
2859,-1,3381,330.00
2858,-1,3382,30.00
2860,-1,3384,201.36
2857,-1,3383,285.50
2861,-1,3385,155.60
2858,5674,3389,30.00
2859,5671,3393,330.00
2860,5673,3397,81.36
2860,5673,3401,120.00
2861,5672,3405,155.60
2857,5675,3409,56.61
2857,5675,3413,133.50
2857,5675,3417,95.39
2862,-1,3418,50.00
2863,-1,3419,50.00
2862,5692,3423,10.04
2863,5693,3427,10.04
2869,-1,3428,29.00
2870,-1,3429,50.00
2871,-1,3430,50.00
2872,-1,3431,50.00
2873,-1,3432,50.00
2869,5712,3436,29.00
2870,5713,3440,50.00
2871,5714,3444,50.00
2872,5715,3448,50.00
2873,5716,3452,50.00
2874,-1,3453,50.00
2874,5719,3457,50.00
2875,-1,3458,4.20
2884,-1,3459,29.00
2885,-1,3460,29.00
2883,-1,3461,29.00
2883,5791,3465,9.04
2884,5790,3469,29.00
2885,5792,3473,29.00
2886,-1,3474,218.40
2886,5796,3478,16.80
2886,5796,3482,33.60
2886,5796,3486,112.00
2887,-1,3487,218.40
2887,5797,3491,16.80
2887,5797,3495,33.60
2887,5797,3499,112.00
2889,-1,3500,49.28
2890,-1,3501,30.00
2892,-1,3503,218.40
2892,5803,3507,16.80
2892,5803,3511,33.60
2892,5803,3515,112.00
2890,5802,3519,30.00
2893,-1,3520,20.00
2894,-1,3521,30.00
2893,5805,3526,20.00
2894,5806,3530,30.00
2896,-1,3531,29.00
2896,5810,3535,29.00
2907,-1,3536,4.20
2908,-1,3537,29.00
2908,5816,3542,29.00
2914,-1,3543,50.00
2915,-1,3544,50.00
2916,-1,3545,29.00
2917,-1,3546,75.00
2916,5827,3550,29.00
2922,-1,3551,11.20
2924,-1,3552,29.00
2924,5830,3556,29.00
2910,-1,3557,50.00
2934,-1,3559,4.20
2936,-1,3560,39.00
2910,5832,3564,10.04
2936,5834,3568,39.00
2021,-1,3570,10.00
2018,-1,3571,10.00
2018,5896,3575,10.00
2021,5897,3579,10.00
2917,-1,3580,5.00
2917,5918,3584,15.00
2958,-1,3585,32.00
2958,5919,3589,32.00
2917,-1,3590,65.00
2959,-1,3591,196.00
2959,5930,3595,16.80
2959,5930,3599,33.60
2959,5930,3603,112.00
2961,-1,3604,50.00
2961,5937,3608,50.00
2964,-1,3609,50.00
2964,5945,3613,50.00
2965,-1,3614,50.00
2965,5947,3618,50.00
2969,-1,3619,45.00
2969,5954,3623,45.00
2971,-1,3624,50.00
2971,5957,3628,50.00
2972,-1,3629,46.00
2972,5959,3633,46.00
2976,-1,3634,50.00
2976,5965,3638,50.00
2978,-1,3639,46.00
2978,5969,3643,46.00
2980,-1,3644,46.00
2980,5970,3648,46.00
2985,-1,3649,46.00
2985,5973,3653,46.00
2989,-1,3654,50.00
2989,5978,3658,50.00
2991,-1,3659,46.00
2991,5980,3663,42.00
2993,-1,3664,50.00
2993,5983,3668,10.04
2995,-1,3669,46.00
2995,5985,3673,46.00
2997,-1,3674,50.00
2997,5987,3678,50.00
2998,-1,3679,50.00
2998,5989,3683,50.00
2999,-1,3684,43.00
2999,5991,3688,43.00
3000,-1,3689,145.00
3000,5992,3693,50.00
3000,5992,3697,95.00
3002,-1,3698,46.00
3002,6042,3702,42.00
3003,-1,3703,43.00
3003,6043,3707,43.00
3004,-1,3708,45.00
3004,6044,3712,45.00
3005,-1,3713,49.00
3006,-1,3714,45.00
3005,6051,3718,43.00
3005,6051,3722,6.00
3007,-1,3723,46.00
3007,6054,3729,46.00
3006,6052,3735,45.00
3008,-1,3736,43.00
3009,-1,3737,38.70
3008,6055,3741,43.00
3009,6056,3745,38.70
3010,-1,3746,72.80
3010,6061,3750,72.80
3011,-1,3751,44.00
3012,-1,3752,37.50
3013,-1,3753,31.50
3011,6063,3757,38.00
3012,6064,3761,37.50
3013,6065,3765,31.50
3014,-1,3766,46.00
3015,-1,3767,46.00
3015,6082,3771,46.00
3016,-1,3772,46.00
3016,6092,3776,46.00
3019,-1,3777,50.00
3019,6162,3781,50.00
3020,-1,3782,50.00
3020,6164,3786,50.00
3021,-1,3787,50.00
3022,-1,3788,50.00
3021,6167,3792,50.00
3022,6168,3796,50.00
3023,-1,3797,46.00
3023,6171,3801,42.00
3024,-1,3802,46.00
3024,6172,3806,46.00
3025,-1,3807,4.20
2025,-1,3808,10.00
2025,6253,3812,10.00
2040,-1,3813,10.00
2040,6350,3817,10.00
2047,-1,3818,10.00
2047,6447,3822,10.00
3034,-1,3824,10.00
3035,-1,3825,10.00
3046,-1,3832,50.00
3047,-1,3833,5.52
3048,-1,3834,29.45
3049,-1,3835,14.00
3050,-1,3836,10.00
3051,-1,3837,40.00
3052,-1,3838,30.00
3053,-1,3839,100.00
3046,6787,3843,30.00
3046,6787,3847,6.00
3046,6787,3851,14.00
3047,6788,3855,5.52
3048,6789,3859,23.45
3048,6789,3863,6.00
3049,6790,3867,14.00
3050,6791,3871,10.00
3051,6792,3875,40.00
3052,6794,3879,30.00
3053,6795,3883,100.00
3054,-1,3884,29.00
3055,-1,3885,29.00
2696,-1,3886,59.58
2696,6855,3890,9.00
2696,6855,3894,45.18
2696,6855,3898,5.40
3058,-1,3899,29.00
3059,-1,3900,23.00
3058,6865,3904,29.00
3059,6866,3908,23.00
3060,-1,3909,12.00
3063,-1,3910,11.20
3064,-1,3911,11.20
3066,-1,3912,12.00
3067,-1,3913,11.20
3068,-1,3914,29.00
3069,-1,3915,29.00
3068,6888,3919,29.00
3069,6890,3923,29.00
3070,-1,3924,35.00
3072,-1,3925,20.00
3072,6895,3929,20.00
3073,-1,3930,40.00
3073,6896,3934,40.00
3074,-1,3935,35.00
3075,-1,3936,12.00
3061,-1,3937,21.00
3034,6579,3941,10.00
3060,6923,3945,12.00
3061,6924,3949,21.00
3063,6925,3953,11.20
3064,6928,3957,11.20
3066,6921,3961,12.00
3065,-1,3962,20.00
3065,6933,3966,20.00
3065,-1,3967,20.00
3065,6970,3971,20.00
3078,-1,3972,10.00
3078,7068,3976,10.00
3080,-1,3977,29.00
3081,-1,3978,29.00
3080,7118,3982,29.00
3081,7119,3986,29.00
3088,-1,3987,10.00
3085,-1,3988,10.00
3084,-1,3989,10.00
3083,-1,3990,10.00
3087,-1,3991,10.00
3082,-1,3992,10.00
3082,7177,3996,10.00
3083,7173,4000,10.00
3084,7172,4004,10.00
3085,7171,4008,10.00
3087,7176,4012,10.00
3088,7170,4016,10.00
3090,-1,4017,20.00
3081,-1,4018,20.00
3081,7206,4022,20.00
3090,7205,4026,20.00
3091,-1,4027,54.15
3092,-1,4028,20.00
3093,-1,4029,18.50
3094,-1,4030,35.00
3095,-1,4031,62.94
3096,-1,4032,12.00
3091,7219,4036,26.15
3091,7219,4040,28.00
3092,7221,4044,20.00
3093,7222,4048,18.50
3094,7223,4052,35.00
3095,7224,4056,17.76
3095,7224,4060,45.18
3096,7226,4064,12.00
3098,-1,4065,10.00
3081,-1,4066,20.00
3097,-1,4067,10.00
3081,7283,4071,20.00
3097,7284,4075,10.00
3098,7282,4079,10.00
3100,-1,4080,85.20
3107,-1,4083,10.00
3108,-1,4084,10.00
3107,7323,4088,10.00
2163,-1,4089,10.00
2163,7395,4093,10.00
3102,-1,4094,10.00
3100,7413,4098,35.00
3100,7413,4102,50.20
3102,7412,4106,10.00
3108,7410,4110,10.00
3061,-1,4111,17.00
3061,7625,4115,17.00
3170,7677,4121,1.00
3170,-1,4122,2.00
3170,7677,4126,1.50
3171,-1,4127,30.00
2173,-1,4128,10.00
2172,-1,4129,10.00
2182,-1,4130,10.00
2172,7746,4134,10.00
2173,7744,4138,10.00
2182,7745,4142,10.00
2644,-1,4143,62.00
2640,-1,4144,31.00
2640,7940,4148,31.00
2644,7941,4152,62.00
3173,-1,4153,50.00
3173,7953,4157,50.00
3180,-1,4158,141.87
3180,7982,4162,28.00
3180,7982,4166,13.44
3180,7982,4170,100.43
3188,-1,4172,29.00
3187,-1,4173,29.00
3187,7993,4181,29.00
3188,7992,4185,29.00
3191,-1,4186,29.00
3193,-1,4187,29.00
3194,-1,4188,29.00
3191,7996,4192,29.00
3193,7997,4196,29.00
3194,7998,4200,29.00
3211,-1,4211,29.00
3211,8090,4215,29.00
3213,-1,4216,29.00
3214,-1,4217,29.00
3213,8103,4221,29.00
3214,8104,4225,29.00
3220,-1,4230,29.00
3221,-1,4232,29.00
3220,8113,4237,29.00
3221,8115,4241,29.00
3222,-1,4246,12.00
3222,8120,4250,12.00
6,5,4259,1.00
3226,-1,4260,101.00
3229,-1,4263,20.00
3228,-1,4264,20.00
3223,-1,4265,14.00
3223,8187,4269,14.00
3226,8181,4273,101.00
3228,8183,4277,20.00
3229,8179,4281,20.00
3231,-1,4284,40.00
3231,8199,4291,40.00
3235,-1,4294,17.00
3236,-1,4295,17.00
3238,-1,4296,10.08
3239,-1,4297,40.00
3238,8213,4301,10.08
3239,8212,4305,40.00
3242,-1,4307,29.00
3246,-1,4310,5.04
3242,8217,4318,29.00
3237,-1,4327,14.00
3237,8222,4331,14.00
3247,-1,4332,17.00
3248,-1,4333,17.00
3246,8223,4337,5.04
3247,8225,4341,17.00
3248,8226,4345,17.00
3249,-1,4347,10.08
3250,-1,4348,10.08
3249,8231,4353,10.08
3250,8230,4357,10.08
3252,-1,4362,20.00
3252,8237,4367,20.00
3250,-1,4372,10.08
3250,8307,4376,10.08
3252,-1,4377,150.00
3231,-1,4378,30.00
3231,8347,4382,30.00
3207,-1,4383,12.00
3210,-1,4384,12.00
3224,-1,4385,14.00
3234,-1,4386,29.00
3243,-1,4387,14.00
3255,-1,4388,14.00
3254,-1,4389,14.00
3287,-1,4390,20.00
3207,8350,4394,12.00
3210,8351,4398,12.00
3224,8352,4402,14.00
3234,8202,4406,29.00
3235,8353,4410,17.00
3236,8354,4414,17.00
3243,8355,4418,14.00
3254,8356,4422,14.00
3255,8357,4426,14.00
3287,8358,4430,20.00
3288,-1,4431,20.00
3289,-1,4432,40.00
3207,-1,4433,30.00
3207,8350,4437,30.00
3288,8362,4441,20.00
3289,8363,4445,40.00
3207,8350,4446,30.00
3291,-1,4447,30.00
3292,-1,4448,40.00
3293,-1,4449,40.00
3294,-1,4450,30.00
3291,8365,4454,30.00
3292,8366,4458,40.00
3293,8367,4462,40.00
3295,-1,4463,13.00
3294,8369,4467,30.00
3295,8370,4471,13.00
3301,-1,4472,38.00
3301,8382,4477,38.00
3305,-1,4487,40.00
3306,-1,4488,29.00
3305,8394,4492,40.00
3306,8395,4496,29.00
3310,-1,4503,29.00
3310,8401,4515,29.00
3313,-1,4525,29.00
3313,8408,4529,29.00
3314,-1,4531,17.00
3301,-1,4530,85.50
3206,-1,4532,21.00
3250,-1,4533,10.08
3323,-1,4534,20.00
3329,-1,4535,20.00
3308,-1,4537,13.00
3288,-1,4538,20.00
3206,8462,4542,21.00
3250,8464,4546,10.08
3288,8499,4550,20.00
3301,8463,4554,67.50
3301,8463,4558,18.00
3308,8496,4566,13.00
3314,8465,4578,17.00
3323,8469,4582,20.00
3329,8476,4586,20.00
3340,-1,4587,40.00
3340,8514,4591,40.00
3342,-1,4592,40.00
3342,8519,4596,40.00
3344,-1,4597,50.00
3345,-1,4598,50.00
3346,-1,4599,50.00
3344,8523,4603,50.00
3345,8524,4607,50.00
3346,8525,4611,50.00
3348,-1,4612,40.00
3348,8528,4616,40.00
3349,-1,4617,140.96
3349,8532,4621,20.00
3349,8532,4625,81.00
3349,8532,4629,27.00
3349,8532,4633,12.96
3353,-1,4634,29.00
3354,-1,4635,22.90
3353,8539,4639,29.00
3354,8541,4643,9.40
3354,8541,4647,13.50
3355,-1,4648,29.00
3356,-1,4649,92.18
3357,-1,4650,92.18
3356,8549,4654,47.00
3356,8549,4658,45.18
3357,8550,4662,47.00
3357,8550,4666,45.18
6,5,4670,1.00
3358,-1,4671,31.20
3355,8552,4675,29.00
3358,8553,4679,20.00
3358,8553,4683,11.20
3359,-1,4684,10.00
3359,8555,4688,10.00
3360,-1,4689,20.00
3360,8557,4693,20.00
3362,-1,4695,10.00
3362,8560,4703,10.00
2645,-1,4736,62.00
1,-1,4737,10.00
2637,-1,4738,31.00
1,8754,4742,10.00
2637,8759,4746,31.00
2645,8755,4750,62.00
3386,-1,4777,42.50
3387,-1,4778,36.20
3386,8840,4782,24.50
3386,8840,4786,18.00
3387,8841,4790,27.20
3387,8841,4794,9.00
3391,-1,4795,20.00
3386,-1,4796,22.50
3360,-1,4797,5.00
3388,-1,4798,60.00
3358,-1,4799,16.20
3358,8907,4803,5.00
3358,8907,4807,11.20
3360,8902,4811,5.00
3386,8896,4815,4.50
3386,8896,4819,18.00
3388,8906,4823,60.00
3391,8895,4827,20.00
3393,-1,4828,8.50
3393,8921,4832,8.50
3394,-1,4833,24.50
3394,8922,4837,11.00
3394,8922,4841,13.50
3395,-1,4842,56.19
3396,-1,4843,92.00
3395,8924,4847,5.00
3395,8924,4851,40.66
3395,8924,4855,10.53
3396,8925,4859,30.80
3396,8925,4863,61.20
3397,-1,4864,74.88
3397,8928,4868,18.00
3397,8928,4872,45.18
3397,8928,4876,11.70
3398,-1,4877,35.78
3398,8930,4881,5.00
3398,8930,4885,22.23
3398,8930,4889,8.55
3399,-1,4890,74.88
3399,8932,4894,18.00
3399,8932,4898,45.18
3399,8932,4902,11.70
3400,-1,4903,40.00
3401,-1,4904,48.78
3400,8934,4908,40.00
3401,8935,4912,18.00
3401,8935,4916,22.23
3401,8935,4920,8.55
3402,-1,4921,74.88
3402,8937,4925,18.00
3402,8937,4929,45.18
3402,8937,4933,11.70
3404,-1,4934,30.00
3403,-1,4935,48.78
3403,8939,4939,18.00
3403,8939,4943,22.23
3403,8939,4947,8.55
3404,8940,4951,30.00
3405,-1,4952,48.78
3405,8944,4956,18.00
3405,8944,4960,22.23
3405,8944,4964,8.55
3408,-1,4965,16.50
3407,-1,4966,55.26
3407,8948,4970,20.00
3407,8948,4974,4.50
3407,8948,4978,12.15
3407,8948,4982,18.61
3408,8947,4986,10.00
3408,8947,4990,1.00
3408,8947,4994,5.50
3408,-1,4995,6.50
3407,-1,4996,16.65
3407,8952,5000,4.50
3407,8952,5004,12.15
3408,8951,5008,1.00
3408,8951,5012,5.50
3411,-1,5025,10.00
3412,-1,5026,10.00
3411,8954,5030,10.00
3412,8955,5034,10.00
3408,-1,5035,6.60
3408,8957,5039,0.10
3408,8957,5043,1.00
3408,8957,5047,5.50
3408,-1,5048,6.60
3408,8960,5052,0.10
3408,8960,5056,1.00
3408,8960,5060,5.50
3413,-1,5061,29.00
3414,-1,5062,29.00
3415,-1,5063,115.00
3413,8965,5067,29.00
3414,8966,5071,29.00
3415,8967,5075,20.00
3415,8967,5079,20.00
3415,8967,5083,15.00
3415,8967,5087,60.00
3416,-1,5088,20.00
3386,-1,5089,22.50
3208,-1,5090,12.00
3417,-1,5091,10.00
3421,-1,5092,10.00
3407,-1,5093,16.65
3425,-1,5094,30.00
3360,-1,5095,5.00
3408,-1,5096,6.60
3418,-1,5097,10.00
3427,-1,5098,20.00
3358,-1,5099,16.20
3423,-1,5100,30.00
3388,-1,5101,60.00
3429,-1,5102,20.00
3420,-1,5103,74.88
3422,-1,5104,20.00
3426,-1,5105,48.78
3415,-1,5106,35.00
3419,-1,5107,72.00
3431,-1,5108,104.15
3431,9089,5112,47.00
3431,9089,5116,16.20
3431,9089,5120,13.50
3431,9089,5124,27.45
3431,-1,5125,56.70
3431,9092,5129,27.00
3431,9092,5133,18.00
3431,9092,5137,11.70
3432,-1,5138,92.61
3432,9094,5142,47.00
3432,9094,5146,27.00
3432,9094,5150,18.61
3232,-1,5151,14.00
3409,-1,5152,14.00
3435,-1,5153,10.00
3438,-1,5154,14.00
3233,-1,5155,14.00
3433,-1,5156,10.00
3243,-1,5157,14.00
3443,-1,5158,10.00
3442,-1,5159,10.00
3436,-1,5160,10.00
3440,-1,5161,1.00
3439,-1,5162,58.50
3434,-1,5163,14.00
3432,-1,5164,54.00
3232,9156,5168,14.00
3233,9157,5172,14.00
3243,9164,5176,14.00
3409,9155,5180,14.00
3432,9167,5184,27.00
3432,9167,5188,27.00
3433,9165,5192,10.00
3434,9169,5196,14.00
3435,9158,5200,10.00
3436,9162,5204,10.00
3438,9163,5208,14.00
3439,9170,5212,27.00
3439,9170,5216,18.00
3439,9170,5220,13.50
3440,9168,5224,1.00
3442,9166,5228,10.00
3443,9160,5232,10.00
3441,-1,5233,10.00
3441,9159,5237,10.00
3444,-1,5238,5.04
3444,9212,5242,5.04
3444,-1,5243,10.08
3444,9213,5247,10.08
3444,-1,5248,10.08
3444,9214,5252,10.08
3447,-1,5253,54.00
3448,-1,5255,30.00
3439,-1,5254,58.50
3296,-1,5256,13.00
3446,-1,5257,30.00
3445,-1,5258,30.00
3295,-1,5259,10.00
3295,9276,5263,10.00
3296,9275,5267,13.00
3439,9273,5271,27.00
3439,9273,5275,18.00
3439,9273,5279,13.50
3445,9278,5283,30.00
3446,9277,5287,30.00
3447,9272,5291,27.00
3447,9272,5295,27.00
3448,9271,5299,30.00
3206,-1,5301,17.00
3308,-1,5300,10.00
3454,-1,5302,10.00
3206,9389,5306,17.00
3308,9390,5310,10.00
3454,9395,5314,10.00
3455,-1,5315,8.00
3458,-1,5318,8.00
3459,-1,5319,20.00
3460,-1,5320,29.00
3468,-1,5321,10.00
3463,-1,5322,10.00
3464,-1,5323,10.00
